set,file,title,description,alt_text,link,keywords,pexels_id,publish_date
1,wedding-planner-dashboard-from-a-notion-wedding-honeymoon-planner-template-for-engaged-couples.png,Wedding planner dashboard from a Notion wedding & honeymoon planner template for engaged couples,"Your whole wedding on one screen. This Notion wedding planner dashboard counts down the days to I do and shows your RSVPs, the budget left, payments due this week, upcoming appointments and everything due in the next month, with all 15 wedding categories one click away. It's the home page of the Wedding & Honeymoon Planner, the ultimate wedding planner for Notion, and it works on the free plan. A separate honeymoon planner comes with it. See everything inside at the link.","Screenshot of a Notion page titled Wedding Planner for Rebecca and Simone, under a collage banner of a vintage car, a champagne glass, an engagement ring and a camera showing a Just engaged cake over red I love you script. It shows a navigation menu, a table setting photo, the wedding date and venue, a wedding summary counting 257 days to go with guest, RSVP and budget totals, a grid of 15 wedding categories, a countdown to four events and a to-do list.",https://www.templatesbygabi.com/shop/wedding-honeymoon-planner?utm_source=pinterest&utm_medium=pin&utm_campaign=wedding-honeymoon-planner&utm_content=wedding-planner-dashboard-from-a-notion-wedding-honeymoon-planner-template-for-engaged-couples,"notion wedding, wedding planner notion, wedding dashboard, ultimate wedding planner for notion",,2026-09-28T12:42:00
1,wedding-budget-tracker-from-a-notion-wedding-honeymoon-planner-template-for-couples-on-a-budget.png,Wedding budget tracker from a Notion wedding & honeymoon planner template for couples on a budget,"Know exactly where the wedding money is going. This wedding budget tracker sets what you planned against the price you agreed for every item, flags anything over budget in red, and logs each deposit and balance with its due date, so paid and still to pay add up on their own. Use it as your wedding budget template from day one. It's part of the Notion Wedding & Honeymoon Planner, which has a separate honeymoon budget too. Get yours at the link.","Screenshot of a Notion page titled Budget, under a calligraphy Budget banner with a vintage car, a champagne glass and a camera showing a Just engaged cake. Two summary cards show a $45,000 total budget with $1,320 left and $15,900 paid so far. Below is an expense table of attire, beauty, catering, flowers and venue costs, budgeted against actual and marked under, on or over budget, and a table of logged deposits and balances with due dates.",https://www.templatesbygabi.com/shop/wedding-honeymoon-planner?utm_source=pinterest&utm_medium=pin&utm_campaign=wedding-honeymoon-planner&utm_content=wedding-budget-tracker-from-a-notion-wedding-honeymoon-planner-template-for-couples-on-a-budget,"wedding budget tracker, wedding budget template, wedding budget, notion wedding",,2026-09-28T16:26:00
1,guest-list-tracker-from-a-notion-wedding-honeymoon-planner-template-for-couples-chasing-rsvps.png,Guest list tracker from a Notion wedding & honeymoon planner template for couples chasing RSVPs,"RSVPs, meals and seats in one list. This guest list tracker gives every guest a row for their RSVP, invite type, meal choice and plus-ones, then feeds a seating plan where each table fills up against its capacity and shows how many seats are left. Out-of-town guests get their hotel, dates and a seat on the wedding bus. It's a page of the Notion Wedding & Honeymoon Planner, made for couples planning their own wedding. Save this for when the invites go out.","Screenshot of a Notion page titled Guest list, under a calligraphy Guest list banner. Summary cards count 16 guests, 10 attending, 6 tables and the menu choices. A guest table lists names with bride, groom or mutual tags and RSVP statuses of attending, pending or declining. Below are seating cards for tables 1 to 6 with capacity and seats left, and an accommodation section with two hotels and a list of guests needing a room.",https://www.templatesbygabi.com/shop/wedding-honeymoon-planner?utm_source=pinterest&utm_medium=pin&utm_campaign=wedding-honeymoon-planner&utm_content=guest-list-tracker-from-a-notion-wedding-honeymoon-planner-template-for-couples-chasing-rsvps,"guest list tracker, seating plan, wedding guest list, notion wedding",,2026-09-28T19:13:00
1,wedding-timeline-checklist-from-a-notion-wedding-honeymoon-planner-template-for-the-newly-engaged.png,Wedding timeline checklist from a Notion wedding & honeymoon planner template for the newly engaged,"Just engaged and not sure what comes first? This wedding timeline checklist sorts every task into phases, from 12+ months before down to the final month, with due dates worked out from your wedding date. The budget, guest list and venue research come first, then the photographer, caterer and florist, and you tick each card off as you go. It lives inside the Notion Wedding & Honeymoon Planner. Click to see the full checklist.","Screenshot of a Notion page titled Wedding tasks, under a calligraphy Wedding tasks banner. A board groups task cards into columns for 12+ months before, 9 to 12 months, 6 to 9 months and 3 to 6 months, with cards such as decide on wedding style and vibe, set the overall budget, book the venue, book the photographer, order the dress, send save the dates and cake tasting, each tagged with a category and a done checkbox.",https://www.templatesbygabi.com/shop/wedding-honeymoon-planner?utm_source=pinterest&utm_medium=pin&utm_campaign=wedding-honeymoon-planner&utm_content=wedding-timeline-checklist-from-a-notion-wedding-honeymoon-planner-template-for-the-newly-engaged,"wedding timeline checklist, wedding timeline, wedding checklist, notion wedding",,2026-09-29T11:43:00
1,wedding-itinerary-from-a-notion-wedding-honeymoon-planner-template-for-brides-and-bridesmaids.png,Wedding itinerary from a Notion wedding & honeymoon planner template for brides and bridesmaids,"The wedding day, minute by minute. This wedding itinerary lays out the ceremony and reception rundown, from guests arriving at 3:30 to the sparkler send-off, then breaks the day down by group so the bride, bridesmaids, groom and family each know where to be and when. Hair and makeup, the first look and the processional line-up are all timed. It's part of the Notion Wedding & Honeymoon Planner, the template that takes you from engagement to honeymoon. Tap to see what's inside.","Screenshot of a Notion page titled Timeline, under a calligraphy Timeline banner. A main timeline lists ceremony times from guests arriving at 3:30 PM to family photos, and reception times from cocktail hour at 5:00 PM to the last dance and send-off at 11:30 PM, each with a note. Below, a detailed timeline board has columns for the bride, bride's family, bridesmaids and groom with cards for hair and makeup, first look and lining up for the processional.",https://www.templatesbygabi.com/shop/wedding-honeymoon-planner?utm_source=pinterest&utm_medium=pin&utm_campaign=wedding-honeymoon-planner&utm_content=wedding-itinerary-from-a-notion-wedding-honeymoon-planner-template-for-brides-and-bridesmaids,"wedding itinerary, wedding day timeline, wedding party, notion wedding",,2026-09-29T15:18:00
1,venue-comparison-from-a-notion-wedding-honeymoon-planner-template-for-couples-touring-venues.png,Venue comparison from a Notion wedding & honeymoon planner template for couples touring venues,"Three venues side by side, before you sign anything. This wedding venue comparison lines up your venue options by guest capacity, hire fee, minimum spend, corkage and extra costs, with ticks for ceremony on site, catering, parking and accommodation, plus your star rating and the quote. Take it to every viewing. It's a view of the vendor tracker in the Notion Wedding & Honeymoon Planner, a template that works on free Notion. Save this for venue season.","Screenshot of a Notion page titled Vendors, under a calligraphy Vendors banner, open on a venue comparison view. Three venue cards with photos, The Old Mill House, Rosewood Barn and Willow Creek Estate, show a declined or booked status, a star rating, guest capacity of 90, 120 and 150, hire fee, minimum spend, corkage, extra costs, checkboxes for ceremony on site, catering, parking and accommodation, and the quote.",https://www.templatesbygabi.com/shop/wedding-honeymoon-planner?utm_source=pinterest&utm_medium=pin&utm_campaign=wedding-honeymoon-planner&utm_content=venue-comparison-from-a-notion-wedding-honeymoon-planner-template-for-couples-touring-venues,"wedding venue comparison, venue options, wedding venues, notion wedding",,2026-09-29T19:38:00
1,wedding-gift-tracker-from-a-notion-wedding-honeymoon-planner-template-for-newlyweds.png,Wedding gift tracker from a Notion wedding & honeymoon planner template for newlyweds,"Thank-you cards without the guesswork. This wedding gift tracker logs every gift and cash amount as it arrives, links it to the guest who gave it along with their address, and ticks off each thank-you once it's sent. Mark gifts to keep, return, exchange or donate, and the cash adds itself up. It's the final page of the Notion Wedding & Honeymoon Planner, which covers everything from the first budget to the honeymoon. Save it for after the big day.","Screenshot of a Notion page titled Gift tracker, under a calligraphy Gift tracker banner. A table lists gifts such as a honeymoon fund voucher, cash gifts, a porcelain dinner service, champagne flutes, an espresso machine and a stand mixer, each with a category tag, cash amount, the guest who gave it, a keep, return, exchange, donate or sell status, notes, a thank-you checkbox and a contact address, with cash totalling $1,800.",https://www.templatesbygabi.com/shop/wedding-honeymoon-planner?utm_source=pinterest&utm_medium=pin&utm_campaign=wedding-honeymoon-planner&utm_content=wedding-gift-tracker-from-a-notion-wedding-honeymoon-planner-template-for-newlyweds,"wedding gift, wedding gift tracker, gifts and thank you, notion wedding",,2026-09-30T11:39:00
1,15-wedding-categories-from-a-notion-wedding-honeymoon-planner-template-for-type-a-brides.png,15 wedding categories from a Notion wedding & honeymoon planner template for Type A brides,"Every part of the wedding gets its own budget check. Venue, catering, photography, attire, flowers, stationery and nine more: each of the 15 wedding categories has a card showing its status, the vendor you booked and whether it's under or over budget. Open one and its tasks, expenses, vendors and appointments are all on that page. It's how the Notion Wedding & Honeymoon Planner keeps a whole wedding tidy. See all 15 at the link.","Screenshot of a Notion page titled Categories, under a calligraphy Categories banner. A gallery of 15 photo cards covers venue, catering, photography, attire, flowers and decor, entertainment, stationery, beauty, transportation, rings and gifts, cake and desserts, rentals, ceremony, accommodation, and insurance and legal, each with a status, the vendor booked, and budget against actual cost marked under or over budget in green or red.",https://www.templatesbygabi.com/shop/wedding-honeymoon-planner?utm_source=pinterest&utm_medium=pin&utm_campaign=wedding-honeymoon-planner&utm_content=15-wedding-categories-from-a-notion-wedding-honeymoon-planner-template-for-type-a-brides,"notion wedding, wedding planner notion, wedding categories, wedding budget",,2026-09-30T15:07:00
1,venue-checklist-from-a-notion-wedding-honeymoon-planner-template-for-couples-booking-a-venue.png,Venue checklist from a Notion wedding & honeymoon planner template for couples booking a venue,"Everything about the venue, on one page. Tick off researching and booking it, keep notes on every venue you saw and why you said no, and work through a list of questions to ask before signing anything. The venue hire cost is split into its instalments, and the walkthrough sits right there with its date. It's one of the 15 category pages in the Notion Wedding & Honeymoon Planner. Click through to see what's included.","Screenshot of a Notion category page titled Venue, with a pink grid-paper banner, a done status and a photo of a crystal chandelier. It shows a to-do list with research and visit venues and book the venue ticked off, a vendor research table where Willow Creek Estate is booked and two other venues are declined with notes, venue questions and wedding inspo pages, a venue walkthrough appointment, and a venue hire expense paid in three instalments.",https://www.templatesbygabi.com/shop/wedding-honeymoon-planner?utm_source=pinterest&utm_medium=pin&utm_campaign=wedding-honeymoon-planner&utm_content=venue-checklist-from-a-notion-wedding-honeymoon-planner-template-for-couples-booking-a-venue,"wedding venue checklist, venue questions, wedding venue, notion wedding",,2026-09-30T20:34:00
1,wedding-vendor-list-from-a-notion-wedding-honeymoon-planner-template-for-couples-collecting-quotes.png,Wedding vendor list from a Notion wedding & honeymoon planner template for couples collecting quotes,"Stop losing vendor quotes in your inbox. This wedding vendor list keeps every venue, caterer, photographer, florist and band in one table with its status, from considering to booked, plus the quote, your notes and their contact info. Switch views to see vendors by category, only the confirmed ones, or a contacts list. It's part of the Notion Wedding & Honeymoon Planner, which also covers the budget, guest list and honeymoon. Tap to see the whole planner.","Screenshot of a Notion page titled Vendors, under a calligraphy Vendors banner. A vendor list table with tabs for all, by category, confirmed, venue comparison, accommodation and contacts lists about 25 wedding vendors, from hotels and bridal shops to caterers, florists and coaches, each with a category, a color-coded status such as booked, considering, waiting quotation or declined, a quote, notes and a contact person.",https://www.templatesbygabi.com/shop/wedding-honeymoon-planner?utm_source=pinterest&utm_medium=pin&utm_campaign=wedding-honeymoon-planner&utm_content=wedding-vendor-list-from-a-notion-wedding-honeymoon-planner-template-for-couples-collecting-quotes,"wedding vendors, wedding vendor list, vendor contact info, notion wedding",,2026-10-01T09:29:00
1,wedding-checklist-from-a-notion-wedding-honeymoon-planner-template-for-couples-with-no-planner.png,Wedding checklist from a Notion wedding & honeymoon planner template for couples with no planner,"The wedding checklist that tells you what's next. Every task has a priority, a phase, a category and a person in charge, from agreeing where to splurge and where to save to sending the music list to the DJ. Tasks are dated from your wedding date and each one explains what to decide. Group them by phase, person or category. It's the backbone of the Notion Wedding & Honeymoon Planner, built for couples planning without a wedding planner. Save this and start today.","Screenshot of a Notion page titled Wedding tasks, under a calligraphy Wedding tasks banner. A long checklist table with tabs for by phase, by person, by category, notes and all lists tasks such as agree your priorities, draft the guest list, book the venue, send save the dates, order the suit and write vows, each with a checkbox, a high, medium or low priority, a phase from 12+ months before to the final month, a category and a person in charge.",https://www.templatesbygabi.com/shop/wedding-honeymoon-planner?utm_source=pinterest&utm_medium=pin&utm_campaign=wedding-honeymoon-planner&utm_content=wedding-checklist-from-a-notion-wedding-honeymoon-planner-template-for-couples-with-no-planner,"wedding checklist, wedding planning checklist, wedding planner notion, notion wedding",,2026-10-01T15:25:00
1,wedding-attire-checklist-from-a-notion-wedding-honeymoon-planner-template-for-brides-and-grooms.png,Wedding attire checklist from a Notion wedding & honeymoon planner template for brides and grooms,"The dress, the suit and every fitting in between. This wedding attire checklist runs from starting dress shopping 9 to 12 months out to pressing the outfits in the final week, with bridesmaid dresses, groomsmen attire, shoes and fittings along the way. Dress inspiration, notes on each bridal shop and the alteration costs sit on the same page. It's one of 15 category pages inside the Notion Wedding & Honeymoon Planner. Click to see the rest.","Screenshot of a Notion category page titled Attire, with a pink grid-paper banner, an in progress status and a photo of a wedding dress with a long lace veil. It shows a to-do list of 11 tasks from order the dress to press and steam the outfits, partner's attire and dress inspiration pages, a first dress fitting appointment, bridal shop and tailor research with booked, declined and considering statuses, and expenses for the dress, veil, shoes, alterations and suit.",https://www.templatesbygabi.com/shop/wedding-honeymoon-planner?utm_source=pinterest&utm_medium=pin&utm_campaign=wedding-honeymoon-planner&utm_content=wedding-attire-checklist-from-a-notion-wedding-honeymoon-planner-template-for-brides-and-grooms,"wedding attire checklist, wedding dress, groomsmen attire, notion wedding",,2026-10-01T19:43:00
1,wedding-checklists-and-mood-boards-from-a-notion-wedding-honeymoon-planner-template-for-diy-brides.png,Wedding checklists and mood boards from a Notion wedding & honeymoon planner template for DIY brides,"18 wedding lists, already started for you. There's a packing list for the wedding weekend, a day-of emergency kit, questions to ask your venue, a menu list, a shot list, a playlist with a do-not-play list, a decor checklist and an after-the-wedding list, plus mood boards for the dress, bouquet, cake, hair and makeup. It all sits in the Notion Wedding & Honeymoon Planner, beside your budget and guest list. Save this for your next planning night.","Screenshot of a Notion page titled Plans and lists, under a calligraphy Plans and lists banner. A gallery of 18 cards on grid-paper covers includes venue questions, wedding inspo, menu list, shot list ideas, partner's attire, dress inspiration, bouquet and flowers, table setting, decor checklist, playlist ideas, invitation design, stationery tracker, makeup, hair and cake inspiration, an emergency kit, packing lists and after the wedding, each tagged as a checklist, inspiration or other.",https://www.templatesbygabi.com/shop/wedding-honeymoon-planner?utm_source=pinterest&utm_medium=pin&utm_campaign=wedding-honeymoon-planner&utm_content=wedding-checklists-and-mood-boards-from-a-notion-wedding-honeymoon-planner-template-for-diy-brides,"wedding packing list, wedding checklist, wedding mood board, notion wedding",,2026-10-02T12:49:00
1,wedding-calendar-from-a-notion-wedding-honeymoon-planner-template-for-couples-juggling-fittings.png,Wedding calendar from a Notion wedding & honeymoon planner template for couples juggling fittings,"Fittings, tastings and viewings on one calendar. Every wedding appointment gets its date, time, category and vendor, so the florist consultation, venue walkthrough, first dress fitting and menu tasting show up on the calendar, on your dashboard and on the category page they belong to. Tick each one done once it's happened. It's one of the pages in the Notion Wedding & Honeymoon Planner, and they're all connected. Tap to see how it fits together.","Screenshot of a Notion page titled Appointments, under a calligraphy Appointments banner. A monthly calendar for October 2026 shows a florist consultation marked done and a venue walkthrough. Below, an all appointments table lists an engagement photo session, first dress fitting, florist consultation, venue walkthrough and menu tasting with dates and times, a category and the vendor.",https://www.templatesbygabi.com/shop/wedding-honeymoon-planner?utm_source=pinterest&utm_medium=pin&utm_campaign=wedding-honeymoon-planner&utm_content=wedding-calendar-from-a-notion-wedding-honeymoon-planner-template-for-couples-juggling-fittings,"wedding calendar, wedding appointments, wedding planner notion, notion wedding",,2026-10-02T15:35:00
1,wedding-catering-tracker-from-a-notion-wedding-honeymoon-planner-template-for-foodie-couples.png,Wedding catering tracker from a Notion wedding & honeymoon planner template for foodie couples,"Food and drinks sorted, from first tasting to final headcount. This catering page tracks the caterers you're weighing up, the menu tasting date, and the reception dinner and cake costs against your budget, paid in instalments. A menu list keeps every food and drink option together, and the final headcount task lands in the last month. It's one of 15 category pages in the Notion Wedding & Honeymoon Planner. Save this to your wedding food board.","Screenshot of a Notion category page titled Catering, with a pink grid-paper banner, an in progress status and a photo of a round reception table with a table number card and dried flowers. It shows a to-do list with book the caterer ticked off, menu tasting and final headcount tasks, a menu list page, a menu tasting appointment, two caterers marked booked and considering, and expenses for the wedding cake and reception dinner with budgeted and actual costs.",https://www.templatesbygabi.com/shop/wedding-honeymoon-planner?utm_source=pinterest&utm_medium=pin&utm_campaign=wedding-honeymoon-planner&utm_content=wedding-catering-tracker-from-a-notion-wedding-honeymoon-planner-template-for-foodie-couples,"wedding catering, wedding food and drinks, wedding menu, notion wedding",,2026-10-02T18:41:00
1,wedding-to-do-list-from-a-notion-wedding-honeymoon-planner-template-for-couples-splitting-tasks.png,Wedding to-do list from a Notion wedding & honeymoon planner template for couples splitting tasks,"Who's booking the florist? Now you both know. This wedding to-do list groups every task by the person in charge, so each of you sees your own list, and anything nobody has picked up sits in its own group where you can't miss it. Invite your partner to the Notion page and you're planning the same wedding together, live. It's one view of the task list in the Notion Wedding & Honeymoon Planner. Click to see the others.","Screenshot of a Notion page titled Wedding tasks, under a calligraphy Wedding tasks banner, open on the by person view. Tasks are grouped under no person in charge, Elena Ellis and Tom Walker, each with a checkbox, priority, phase and category. Elena's list includes decide on wedding style and vibe, book florist and send save the dates. Tom's includes set the overall budget, book officiant and book the caterer.",https://www.templatesbygabi.com/shop/wedding-honeymoon-planner?utm_source=pinterest&utm_medium=pin&utm_campaign=wedding-honeymoon-planner&utm_content=wedding-to-do-list-from-a-notion-wedding-honeymoon-planner-template-for-couples-splitting-tasks,"wedding to do list, wedding checklist, wedding planning, notion wedding",,2026-10-03T12:21:00
1,wedding-photography-checklist-from-a-notion-wedding-honeymoon-planner-template-for-brides-to-be.png,Wedding photography checklist from a Notion wedding & honeymoon planner template for brides-to-be,"Book the photographer early, then plan every shot. This photography page keeps the tasks in order, from booking 9 to 12 months out to the shot list you send in the final month and choosing the album afterwards. The booked studio, the package cost split into two payments and the engagement photo session all sit on the same page, next to your shot list ideas. It's one of 15 category pages in the Notion Wedding & Honeymoon Planner. Click to see them all.","Screenshot of a Notion category page titled Photography, with a pink grid-paper banner, an in progress status and a photo of pearl earrings and a bracelet in a seashell. It shows a to-do list with book the photographer ticked off and the shot list and album tasks still open, a shot list ideas page, an engagement photo session appointment, a booked studio offering 10 hours of coverage and a second shooter, and a photography package expense paid in two instalments.",https://www.templatesbygabi.com/shop/wedding-honeymoon-planner?utm_source=pinterest&utm_medium=pin&utm_campaign=wedding-honeymoon-planner&utm_content=wedding-photography-checklist-from-a-notion-wedding-honeymoon-planner-template-for-brides-to-be,"wedding photography checklist, wedding shot list, wedding photographer, notion wedding",,2026-10-03T14:47:00
1,wedding-decor-checklist-from-a-notion-wedding-honeymoon-planner-template-for-brides-with-a-vision.png,Wedding decor checklist from a Notion wedding & honeymoon planner template for brides with a vision,"Have it, rent it or buy it? Sort every piece of decor before the day. This flowers and decor page holds the florist booking, the decor plan and the day-before delivery of favors and welcome bags, plus mood boards for your bouquet and table setting. Log the florist's quote while you negotiate and see straight away if the flowers go over budget. It's part of the Notion Wedding & Honeymoon Planner. Save this to your wedding flowers board.","Screenshot of a Notion category page titled Flowers and Decor, with a pink grid-paper banner, an in progress status and a photo of draped white fabric with pillar candles and candlesticks. It shows three tasks from book florist to delivering decor and favors to the venue, a florist in negotiation, bouquet and flowers, table setting and decor checklist pages, a florist consultation marked done, and a bouquets and ceremony florals expense paid in two instalments.",https://www.templatesbygabi.com/shop/wedding-honeymoon-planner?utm_source=pinterest&utm_medium=pin&utm_campaign=wedding-honeymoon-planner&utm_content=wedding-decor-checklist-from-a-notion-wedding-honeymoon-planner-template-for-brides-with-a-vision,"wedding decor checklist, wedding flowers, wedding decor, notion wedding",,2026-10-03T19:59:00
1,save-the-date-checklist-from-a-notion-wedding-honeymoon-planner-template-for-2027-brides.png,Save the date checklist from a Notion wedding & honeymoon planner template for 2027 brides,"Save the dates, invitations and place cards, in the right order. This stationery page puts every paper task on a schedule: set up the wedding website and send save the dates 9 to 12 months out, order invitations, programs and place cards 3 to 6 months out, and send the invitations 1 to 3 months before. A stationery tracker counts every printed item you need. It's one of 15 category pages in the Notion Wedding & Honeymoon Planner. Get it at the link.","Screenshot of a Notion category page titled Stationery, with a pink grid-paper banner, a not started status and a photo of an envelope with greenery and a pearl necklace in dappled light. It shows six tasks from set up the wedding website and send the save the dates to send invitations, invitation design and stationery tracker pages, a stationer in negotiation for a semi-custom suite, and an expense for menus, programs and place cards.",https://www.templatesbygabi.com/shop/wedding-honeymoon-planner?utm_source=pinterest&utm_medium=pin&utm_campaign=wedding-honeymoon-planner&utm_content=save-the-date-checklist-from-a-notion-wedding-honeymoon-planner-template-for-2027-brides,"save the date, wedding invitations, wedding stationery, notion wedding",,2026-10-04T09:37:00
1,wedding-music-checklist-from-a-notion-wedding-honeymoon-planner-template-for-couples-booking-a-dj.png,Wedding music checklist from a Notion wedding & honeymoon planner template for couples booking a DJ,"First dance, must-play, do-not-play: all on one list. This entertainment page tracks the band, DJ, string duo and photo booth you're considering, with quotes and notes, and schedules the music tasks for you: book 9 to 12 months out, write the music list 3 to 6 months out, send it in the final month. Playlist ideas sit right beside it. It's one of 15 category pages in the Notion Wedding & Honeymoon Planner. Tap to see what else is inside.","Screenshot of a Notion category page titled Entertainment, with a pink grid-paper banner, a not started status and a photo of hands in sheer lace gloves around a candlelit table. It shows three tasks from book band or DJ to sending the music list, a playlist ideas page, a booked string duo, a photo booth and a live band waiting on quotes, and expenses for the photo booth, ceremony string duo and live band plus DJ.",https://www.templatesbygabi.com/shop/wedding-honeymoon-planner?utm_source=pinterest&utm_medium=pin&utm_campaign=wedding-honeymoon-planner&utm_content=wedding-music-checklist-from-a-notion-wedding-honeymoon-planner-template-for-couples-booking-a-dj,"wedding music, wedding playlist, wedding dj, notion wedding",,2026-10-04T15:07:00
1,wedding-cake-tracker-from-a-notion-wedding-honeymoon-planner-template-for-couples-booking-a-baker.png,Wedding cake tracker from a Notion wedding & honeymoon planner template for couples booking a baker,"Book the baker 9 to 12 months out and taste the cake 3 to 6 months out. This cake and desserts page keeps both on schedule, holds a cake inspiration board for the styles and flavors you love, and keeps notes on every bakery you're considering, like a tasting box to try at home. The cost goes in once you agree a price. It's one of 15 category pages in the Notion Wedding & Honeymoon Planner. Save this for your cake tasting.","Screenshot of a Notion category page titled Cake and Desserts, with a pink grid-paper banner, a not started status and a photo of a white tiered cake surrounded by white flowers and baby's breath. It shows two tasks, book the cake maker and cake tasting and final design, a cake inspiration page, a bakery being considered with a note about a tasting box, and an empty expenses table.",https://www.templatesbygabi.com/shop/wedding-honeymoon-planner?utm_source=pinterest&utm_medium=pin&utm_campaign=wedding-honeymoon-planner&utm_content=wedding-cake-tracker-from-a-notion-wedding-honeymoon-planner-template-for-couples-booking-a-baker,"wedding cake, cake tasting, wedding desserts, notion wedding",,2026-10-04T18:53:00
1,hair-and-makeup-checklist-from-a-notion-wedding-honeymoon-planner-template-for-the-bridal-party.png,Hair and makeup checklist from a Notion wedding & honeymoon planner template for the bridal party,"Wedding morning hair, makeup and nails, planned months ahead. Book the hair and makeup artist 6 to 9 months out and the trial 3 to 6 months out, keep makeup and hair inspiration ready for the trial, and note who comes to the venue on the morning. Bridal party hair and makeup, nails and the trial are all costed against your budget. It's part of the Notion Wedding & Honeymoon Planner, which works on the free Notion plan. Save this for your beauty trial.","Screenshot of a Notion category page titled Beauty, with a pink grid-paper banner, a not started status and a black and white photo of a bride having her veil fixed. It shows two tasks, book hair and makeup artist and hair and makeup trial, makeup and hair inspiration pages, a booked nail studio and a booked beauty team with notes, and expenses for bridal party hair and makeup, nails and the trial.",https://www.templatesbygabi.com/shop/wedding-honeymoon-planner?utm_source=pinterest&utm_medium=pin&utm_campaign=wedding-honeymoon-planner&utm_content=hair-and-makeup-checklist-from-a-notion-wedding-honeymoon-planner-template-for-the-bridal-party,"wedding hair and makeup, bridal beauty, bridal party, notion wedding",,2026-10-05T09:12:00
1,ceremony-checklist-from-a-notion-wedding-honeymoon-planner-template-for-couples-writing-vows.png,Ceremony checklist from a Notion wedding & honeymoon planner template for couples writing vows,"Vows, readings and the order of service, all on time. This ceremony page lists what to do and when: book the officiant 9 to 12 months out, plan the readings and music 3 to 6 months out, write your vows 1 to 3 months out, and get the paperwork to the officiant the day before. Your officiant's contact details and notes sit on the same page. It's one of 15 category pages in the Notion Wedding & Honeymoon Planner. Click to see the whole template.","Screenshot of a Notion category page titled Ceremony, with a pink grid-paper banner, a not started status and a photo of white fabric draped over a chair with a silver tray and white peonies. It shows five tasks, book officiant, plan the ceremony, write vows, get the paperwork to the officiant and plan the rehearsal, a booked officiant who writes the ceremony with you, and an empty expenses table.",https://www.templatesbygabi.com/shop/wedding-honeymoon-planner?utm_source=pinterest&utm_medium=pin&utm_campaign=wedding-honeymoon-planner&utm_content=ceremony-checklist-from-a-notion-wedding-honeymoon-planner-template-for-couples-writing-vows,"wedding ceremony, wedding vows, order of service, notion wedding",,2026-10-05T15:22:00
1,rings-and-gifts-checklist-from-a-notion-wedding-honeymoon-planner-template-for-the-bride-and-groom.png,Rings and gifts checklist from a Notion wedding & honeymoon planner template for the bride and groom,"Wedding bands, the registry, favors and thank-you gifts. This page keeps them on schedule: set up the gift registry 9 to 12 months out, choose wedding bands and thank-you gifts for the wedding party and parents 3 to 6 months out, and hand the rings to the best man on the day. The jeweler, the engraving notes and the band cost sit beside the tasks. It's one of 15 category pages in the Notion Wedding & Honeymoon Planner. Tap to see what's included.","Screenshot of a Notion category page titled Rings and Gifts, with a pink grid-paper banner, a not started status and a photo of a hand with an engagement ring resting on a lace wedding dress. It shows five tasks from set up the gift registry to give rings to the best man, with order favors and gifts ticked off, a booked jeweler offering matching bands with engraving, and a wedding bands expense.",https://www.templatesbygabi.com/shop/wedding-honeymoon-planner?utm_source=pinterest&utm_medium=pin&utm_campaign=wedding-honeymoon-planner&utm_content=rings-and-gifts-checklist-from-a-notion-wedding-honeymoon-planner-template-for-the-bride-and-groom,"wedding rings, wedding gift registry, wedding favors, notion wedding",,2026-10-05T19:24:00
1,transport-tracker-from-a-notion-wedding-honeymoon-planner-template-for-couples-with-hotel-guests.png,Transport tracker from a Notion wedding & honeymoon planner template for couples with hotel guests,"Get every guest from the hotel to the venue and back. This transportation page tracks the coach company and car hire you're comparing, with pickup times from each hotel and the ride back after the party, and puts the guest shuttle into your wedding budget. Book it 6 to 9 months out. Over on the guest list, the planner counts who needs a seat on the wedding bus. It's one of 15 category pages in the Notion Wedding & Honeymoon Planner. Click for the full tour.","Screenshot of a Notion category page titled Transportation, with a pink grid-paper banner, a not started status and a photo of a white vintage Beetle parked on a cobbled street outside a hotel. It shows one task, book transportation and guest shuttle, a booked coach company with two 30-seat coaches and hotel pickup times, a car hire company still to survey, and a guest shuttle expense.",https://www.templatesbygabi.com/shop/wedding-honeymoon-planner?utm_source=pinterest&utm_medium=pin&utm_campaign=wedding-honeymoon-planner&utm_content=transport-tracker-from-a-notion-wedding-honeymoon-planner-template-for-couples-with-hotel-guests,"wedding transportation, guest shuttle, wedding transport, notion wedding",,2026-10-06T09:28:00
1,hotel-block-tracker-from-a-notion-wedding-honeymoon-planner-template-for-couples-hosting-guests.png,Hotel block tracker from a Notion wedding & honeymoon planner template for couples hosting guests,"Where everyone sleeps, sorted before the invites go out. This accommodation page tracks the venue suite for getting ready, the hotel room block for guests and a B&B in walking distance, with contacts, locations and notes on which ones the wedding bus picks up from. Block the rooms 6 to 9 months out, and the guest list shows who's staying where. It's part of the Notion Wedding & Honeymoon Planner, made for couples planning their own wedding. Save this for later.","Screenshot of a Notion category page titled Accommodation, with a pink grid-paper banner, a not started status and a photo of a freestanding bathtub full of bubbles. It shows one task, block hotel rooms for guests, a vendor table with a venue suite, a hotel and a B&B, all booked, with notes, contact people and phone numbers, and an empty expenses table.",https://www.templatesbygabi.com/shop/wedding-honeymoon-planner?utm_source=pinterest&utm_medium=pin&utm_campaign=wedding-honeymoon-planner&utm_content=hotel-block-tracker-from-a-notion-wedding-honeymoon-planner-template-for-couples-hosting-guests,"wedding hotel block, guest accommodation, wedding guests, notion wedding",,2026-10-06T14:30:00
1,rentals-checklist-from-a-notion-wedding-honeymoon-planner-template-for-couples-with-a-diy-venue.png,Rentals checklist from a Notion wedding & honeymoon planner template for couples with a DIY venue,"Tables, chairs, linen and the marquee, all accounted for. When the venue is a blank canvas, this rentals page keeps it simple: book rentals 9 to 12 months out, chase the quotes you're waiting on, then return everything after the wedding, along with getting the dress preserved. Costs drop into the budget once you agree a price. It's one of 15 category pages in the Notion Wedding & Honeymoon Planner, a template that works on free Notion. Get it at the link.","Screenshot of a Notion category page titled Rentals, with a pink grid-paper banner, a not started status and a photo of a long reception table set with white linen and bud vases of white flowers. It shows two tasks, book rentals for tables, chairs, linen and marquee, and return rentals and preserve the dress, a rental company waiting on a marquee quote, and an empty expenses table.",https://www.templatesbygabi.com/shop/wedding-honeymoon-planner?utm_source=pinterest&utm_medium=pin&utm_campaign=wedding-honeymoon-planner&utm_content=rentals-checklist-from-a-notion-wedding-honeymoon-planner-template-for-couples-with-a-diy-venue,"wedding rentals, wedding tables and chairs, wedding marquee, notion wedding",,2026-10-06T17:59:00
1,wedding-legal-checklist-from-a-notion-wedding-honeymoon-planner-template-for-brides-changing-names.png,Wedding legal checklist from a Notion wedding & honeymoon planner template for brides changing names,"Insurance, marriage paperwork and the name change, handled. This insurance and legal page lists what to do and when: take out wedding insurance 12+ months before, sort out the legal paperwork 1 to 3 months out, and do the name change paperwork after the wedding. The insurer's cover and certificate notes sit on the same page. It's the least glamorous of the 15 category pages in the Notion Wedding & Honeymoon Planner, and the one you'll be glad you had. Click to see the rest.","Screenshot of a Notion category page titled Insurance and Legal, with a pink grid-paper banner, a not started status and a photo of a meeting room overlooking a city skyline. It shows three tasks, take out wedding insurance ticked off, sort out the legal paperwork and name change paperwork, a booked insurer covering cancellation and supplier failure, and an empty expenses table.",https://www.templatesbygabi.com/shop/wedding-honeymoon-planner?utm_source=pinterest&utm_medium=pin&utm_campaign=wedding-honeymoon-planner&utm_content=wedding-legal-checklist-from-a-notion-wedding-honeymoon-planner-template-for-brides-changing-names,"wedding insurance, name change checklist, wedding legal, notion wedding",,2026-10-07T12:48:00
