Title,Media URL,Pinterest board,Description,Link,Publish date,Keywords
"Wedding dashboard to see the whole plan at a glance, a Notion wedding planner for engaged couples","https://raw.githubusercontent.com/ivannk0900/pinterest-pins/main/wedding-planner-canva-pins/wedding-dashboard-to-see-the-whole-plan-at-a-glance-a-notion-wedding-planner-for-engaged-couples.png","Wedding planner","How many days to go, who has RSVPed, what's left in the budget? This wedding dashboard answers all of it the moment you open Notion. Upcoming appointments, payments due and next month's tasks sit on one page, with every wedding category a click away. It's the starting point of the Notion Wedding & Honeymoon Planner, the ultimate wedding planner for Notion. Save this pin for the day you start planning.","https://www.templatesbygabi.com/shop/wedding-honeymoon-planner?utm_source=pinterest&utm_medium=pin&utm_campaign=wedding-planner-canva-pins&utm_content=wedding-dashboard-to-see-the-whole-plan-at-a-glance-a-notion-wedding-planner-for-engaged-couples","2026-10-08T17:13:00","notion wedding, wedding planner notion, wedding dashboard, ultimate wedding planner for notion"
"Wedding budget tracker for couples on a budget: plan, pay and stay on track in Notion","https://raw.githubusercontent.com/ivannk0900/pinterest-pins/main/wedding-planner-canva-pins/wedding-budget-tracker-for-couples-on-a-budget-plan-pay-and-stay-on-track-in-notion.png","Wedding planner","Wondering where the wedding money actually went? This wedding budget tracker shows planned against actual for every line, flags overspending in red, and lists each deposit and balance with its due date. It works as a ready-made wedding budget template, so you start with categories already set up. Part of the Notion Wedding & Honeymoon Planner. Tap through and see how it adds up for you.","https://www.templatesbygabi.com/shop/wedding-honeymoon-planner?utm_source=pinterest&utm_medium=pin&utm_campaign=wedding-planner-canva-pins&utm_content=wedding-budget-tracker-for-couples-on-a-budget-plan-pay-and-stay-on-track-in-notion","2026-10-09T15:06:00","wedding budget tracker, wedding budget template, wedding budget, notion wedding"
"Guest list tracker and RSVP list in Notion, for couples chasing RSVPs and planning seats","https://raw.githubusercontent.com/ivannk0900/pinterest-pins/main/wedding-planner-canva-pins/guest-list-tracker-and-rsvp-list-in-notion-for-couples-chasing-rsvps-and-planning-seats.png","Wedding planner","Who said yes, who's bringing a plus-one, and who still hasn't replied? This guest list tracker keeps every wedding guest list detail in one table: RSVP, meal choice, invite type and table. The seating plan fills table by table and shows the seats left. Out-of-town guests get hotel and shuttle notes too. It's in the Notion Wedding & Honeymoon Planner. Get yours at the link.","https://www.templatesbygabi.com/shop/wedding-honeymoon-planner?utm_source=pinterest&utm_medium=pin&utm_campaign=wedding-planner-canva-pins&utm_content=guest-list-tracker-and-rsvp-list-in-notion-for-couples-chasing-rsvps-and-planning-seats","2026-10-10T11:36:00","guest list tracker, seating plan, wedding guest list, notion wedding"
"Wedding timeline checklist from 12 months out, a Notion template for the newly engaged","https://raw.githubusercontent.com/ivannk0900/pinterest-pins/main/wedding-planner-canva-pins/wedding-timeline-checklist-from-12-months-out-a-notion-template-for-the-newly-engaged.png","Wedding planner","Newly engaged? Start here. This wedding timeline checklist lays out the whole year before the wedding, phase by phase, with dates worked out from your day. Budget and guest list first, venue next, then the photographer, caterer and florist, all the way to the final week. It's the wedding checklist inside the Notion Wedding & Honeymoon Planner. Pin it now and tick off your first task tonight.","https://www.templatesbygabi.com/shop/wedding-honeymoon-planner?utm_source=pinterest&utm_medium=pin&utm_campaign=wedding-planner-canva-pins&utm_content=wedding-timeline-checklist-from-12-months-out-a-notion-template-for-the-newly-engaged","2026-10-11T10:31:00","wedding timeline checklist, wedding timeline, wedding checklist, notion wedding"
"Wedding itinerary and wedding day timeline in Notion, made for brides and bridesmaids","https://raw.githubusercontent.com/ivannk0900/pinterest-pins/main/wedding-planner-canva-pins/wedding-itinerary-and-wedding-day-timeline-in-notion-made-for-brides-and-bridesmaids.png","Wedding planner","Send everyone the same plan for the big day. This wedding itinerary turns the ceremony and reception into one wedding day timeline, then splits it by group so the bride, bridesmaids, groom and family each see their own call times. Hair and makeup, first look and photos are all scheduled. Share it with the whole wedding party from the Notion Wedding & Honeymoon Planner. Click to see an example day.","https://www.templatesbygabi.com/shop/wedding-honeymoon-planner?utm_source=pinterest&utm_medium=pin&utm_campaign=wedding-planner-canva-pins&utm_content=wedding-itinerary-and-wedding-day-timeline-in-notion-made-for-brides-and-bridesmaids","2026-10-12T17:04:00","wedding itinerary, wedding day timeline, wedding party, notion wedding"
"Wedding venue comparison chart in Notion, for couples touring venues and weighing quotes","https://raw.githubusercontent.com/ivannk0900/pinterest-pins/main/wedding-planner-canva-pins/wedding-venue-comparison-chart-in-notion-for-couples-touring-venues-and-weighing-quotes.png","Wedding planner","Which venue is really the better deal? This wedding venue comparison lines up your venue options on the things that matter: capacity, hire fee, minimum spend, corkage and what's included, plus your own rating. Compare wedding venues after every tour while it's fresh. It's built into the Notion Wedding & Honeymoon Planner, and it works on free Notion. Save this for your next venue viewing.","https://www.templatesbygabi.com/shop/wedding-honeymoon-planner?utm_source=pinterest&utm_medium=pin&utm_campaign=wedding-planner-canva-pins&utm_content=wedding-venue-comparison-chart-in-notion-for-couples-touring-venues-and-weighing-quotes","2026-10-13T09:37:00","wedding venue comparison, venue options, wedding venues, notion wedding"
"Wedding gift tracker in Notion so newlyweds never miss a thank-you card","https://raw.githubusercontent.com/ivannk0900/pinterest-pins/main/wedding-planner-canva-pins/wedding-gift-tracker-in-notion-so-newlyweds-never-miss-a-thank-you-card.png","Wedding planner","Every wedding gift, every cash envelope, every thank-you card, in one list. This wedding gift tracker links each gift to the guest and their address, adds up the cash for you, and ticks off the cards as you send them, so gifts and thank you notes stay in sync. Mark returns and exchanges too. It's the last page of the Notion Wedding & Honeymoon Planner. Save it for after the honeymoon.","https://www.templatesbygabi.com/shop/wedding-honeymoon-planner?utm_source=pinterest&utm_medium=pin&utm_campaign=wedding-planner-canva-pins&utm_content=wedding-gift-tracker-in-notion-so-newlyweds-never-miss-a-thank-you-card","2026-10-14T18:39:00","wedding gift, wedding gift tracker, gifts and thank you, notion wedding"
"15 wedding categories with tasks, vendors and budget, a Notion template for Type A brides","https://raw.githubusercontent.com/ivannk0900/pinterest-pins/main/wedding-planner-canva-pins/15-wedding-categories-with-tasks-vendors-and-budget-a-notion-template-for-type-a-brides.png","Wedding planner","For the bride who wants every detail in its place. The planner splits the wedding into 15 wedding categories, from venue and catering to stationery and insurance, and each one shows its status, booked vendor and whether it's on wedding budget. Open a category and its tasks, costs and appointments are waiting. It's how the Notion Wedding & Honeymoon Planner stays organised. Tap to see all 15.","https://www.templatesbygabi.com/shop/wedding-honeymoon-planner?utm_source=pinterest&utm_medium=pin&utm_campaign=wedding-planner-canva-pins&utm_content=15-wedding-categories-with-tasks-vendors-and-budget-a-notion-template-for-type-a-brides","2026-10-15T11:04:00","notion wedding, wedding planner notion, wedding categories, wedding budget"
"Wedding venue checklist and venue questions to ask, in Notion for couples booking a venue","https://raw.githubusercontent.com/ivannk0900/pinterest-pins/main/wedding-planner-canva-pins/wedding-venue-checklist-and-venue-questions-to-ask-in-notion-for-couples-booking-a-venue.png","Wedding planner","Booking a wedding venue is the first big decision, so do it with a list. This wedding venue checklist takes you from research to signed contract, with notes on every venue you saw and the venue questions to ask before paying a deposit. The hire cost is split into instalments for you. It's one of 15 category pages in the Notion Wedding & Honeymoon Planner. Pin it before your first tour.","https://www.templatesbygabi.com/shop/wedding-honeymoon-planner?utm_source=pinterest&utm_medium=pin&utm_campaign=wedding-planner-canva-pins&utm_content=wedding-venue-checklist-and-venue-questions-to-ask-in-notion-for-couples-booking-a-venue","2026-10-16T17:20:00","wedding venue checklist, venue questions, wedding venue, notion wedding"
"Wedding vendor list with quotes and contact info, a Notion template for couples collecting quotes","https://raw.githubusercontent.com/ivannk0900/pinterest-pins/main/wedding-planner-canva-pins/wedding-vendor-list-with-quotes-and-contact-info-a-notion-template-for-couples-collecting-quotes.png","Wedding planner","Keep every quote in one place instead of five inboxes. This wedding vendor list tracks all your wedding vendors with status, quote, notes and vendor contact info, and filters by category or shows only who's booked. On the day, switch to the contacts view and every number is right there. It's part of the Notion Wedding & Honeymoon Planner. Click to see the full vendor list.","https://www.templatesbygabi.com/shop/wedding-honeymoon-planner?utm_source=pinterest&utm_medium=pin&utm_campaign=wedding-planner-canva-pins&utm_content=wedding-vendor-list-with-quotes-and-contact-info-a-notion-template-for-couples-collecting-quotes","2026-10-17T11:32:00","wedding vendors, wedding vendor list, vendor contact info, notion wedding"
"Wedding planning checklist with due dates in Notion, for couples with no planner","https://raw.githubusercontent.com/ivannk0900/pinterest-pins/main/wedding-planner-canva-pins/wedding-planning-checklist-with-due-dates-in-notion-for-couples-with-no-planner.png","Wedding planner","No wedding planner? This is the next best thing. The wedding planning checklist dates every task from your wedding day, gives it a priority and an owner, and explains what you're deciding. Group the wedding checklist by phase, person or category to see what's next. It sits at the centre of the Notion Wedding & Honeymoon Planner, the wedding planner Notion users can share with a partner. Get it at the link.","https://www.templatesbygabi.com/shop/wedding-honeymoon-planner?utm_source=pinterest&utm_medium=pin&utm_campaign=wedding-planner-canva-pins&utm_content=wedding-planning-checklist-with-due-dates-in-notion-for-couples-with-no-planner","2026-10-18T20:15:00","wedding checklist, wedding planning checklist, wedding planner notion, notion wedding"
"Wedding attire checklist for the dress, suits and fittings, in Notion for brides and grooms","https://raw.githubusercontent.com/ivannk0900/pinterest-pins/main/wedding-planner-canva-pins/wedding-attire-checklist-for-the-dress-suits-and-fittings-in-notion-for-brides-and-grooms.png","Wedding planner","From the first dress appointment to the last fitting, nothing slips. This wedding attire checklist schedules the wedding dress, bridesmaid dresses, groomsmen attire, shoes and alterations at the right time, with inspiration boards and bridal shop notes beside them. It's one of 15 category pages in the Notion Wedding & Honeymoon Planner. Save this to your wedding dress board.","https://www.templatesbygabi.com/shop/wedding-honeymoon-planner?utm_source=pinterest&utm_medium=pin&utm_campaign=wedding-planner-canva-pins&utm_content=wedding-attire-checklist-for-the-dress-suits-and-fittings-in-notion-for-brides-and-grooms","2026-10-19T09:24:00","wedding attire checklist, wedding dress, groomsmen attire, notion wedding"
"Wedding mood board pages and ready-made lists in Notion, for DIY brides who plan it all","https://raw.githubusercontent.com/ivannk0900/pinterest-pins/main/wedding-planner-canva-pins/wedding-mood-board-pages-and-ready-made-lists-in-notion-for-diy-brides-who-plan-it-all.png","Wedding planner","DIY bride? You'll want these. 18 ready-made pages include a wedding mood board for the dress, flowers, cake and hair, a wedding packing list for the weekend, an emergency kit, a shot list, a playlist and an after-the-wedding checklist. Each one is already started so you just fill it in. They live in the Notion Wedding & Honeymoon Planner. Save this for your next planning session.","https://www.templatesbygabi.com/shop/wedding-honeymoon-planner?utm_source=pinterest&utm_medium=pin&utm_campaign=wedding-planner-canva-pins&utm_content=wedding-mood-board-pages-and-ready-made-lists-in-notion-for-diy-brides-who-plan-it-all","2026-10-20T18:10:00","wedding packing list, wedding checklist, wedding mood board, notion wedding"
"Wedding calendar for appointments and fittings, a Notion template for couples juggling fittings","https://raw.githubusercontent.com/ivannk0900/pinterest-pins/main/wedding-planner-canva-pins/wedding-calendar-for-appointments-and-fittings-a-notion-template-for-couples-juggling-fittings.png","Wedding planner","Dress fittings, tastings, venue walkthroughs: put them all on one wedding calendar. Each of your wedding appointments has a date, time, vendor and category, and it shows up on the calendar, the dashboard and its category page at once. No more double-booking a Saturday. It's one of the connected pages in the Notion Wedding & Honeymoon Planner. Tap to see the calendar view.","https://www.templatesbygabi.com/shop/wedding-honeymoon-planner?utm_source=pinterest&utm_medium=pin&utm_campaign=wedding-planner-canva-pins&utm_content=wedding-calendar-for-appointments-and-fittings-a-notion-template-for-couples-juggling-fittings","2026-10-21T18:57:00","wedding calendar, wedding appointments, wedding planner notion, notion wedding"
"Wedding catering tracker and wedding menu planner in Notion, for foodie couples","https://raw.githubusercontent.com/ivannk0900/pinterest-pins/main/wedding-planner-canva-pins/wedding-catering-tracker-and-wedding-menu-planner-in-notion-for-foodie-couples.png","Wedding planner","Love food? Plan the menu like it matters. This wedding catering page compares caterers, books the tasting, and keeps every wedding food and drinks idea on a menu list. The reception dinner and cake are tracked against your budget, paid in instalments, and the final headcount reminder comes right on time. It's in the Notion Wedding & Honeymoon Planner. Save this to your wedding menu board.","https://www.templatesbygabi.com/shop/wedding-honeymoon-planner?utm_source=pinterest&utm_medium=pin&utm_campaign=wedding-planner-canva-pins&utm_content=wedding-catering-tracker-and-wedding-menu-planner-in-notion-for-foodie-couples","2026-10-22T20:53:00","wedding catering, wedding food and drinks, wedding menu, notion wedding"
"Wedding to do list you can share and split, a Notion template for couples splitting tasks","https://raw.githubusercontent.com/ivannk0900/pinterest-pins/main/wedding-planner-canva-pins/wedding-to-do-list-you-can-share-and-split-a-notion-template-for-couples-splitting-tasks.png","Wedding planner","Stop being the only one who knows what's next. This wedding to do list groups wedding planning tasks by who owns them, so both of you see your own list and anything unassigned stands out. Invite your partner and you're working from the same wedding checklist, updated live. It's one view of the tasks in the Notion Wedding & Honeymoon Planner. Get it at the link and share it tonight.","https://www.templatesbygabi.com/shop/wedding-honeymoon-planner?utm_source=pinterest&utm_medium=pin&utm_campaign=wedding-planner-canva-pins&utm_content=wedding-to-do-list-you-can-share-and-split-a-notion-template-for-couples-splitting-tasks","2026-10-23T10:04:00","wedding to do list, wedding checklist, wedding planning, notion wedding"
"Wedding photography checklist and shot list in Notion, for brides-to-be booking a photographer","https://raw.githubusercontent.com/ivannk0900/pinterest-pins/main/wedding-planner-canva-pins/wedding-photography-checklist-and-shot-list-in-notion-for-brides-to-be-booking-a-photographer.png","Wedding planner","Great wedding photos start a year out. This wedding photography checklist reminds you when to book the wedding photographer, plan the engagement shoot, send the wedding shot list and choose the album. The package cost and shot list ideas sit on the same page. It's one of 15 category pages in the Notion Wedding & Honeymoon Planner. Save this before you message photographers.","https://www.templatesbygabi.com/shop/wedding-honeymoon-planner?utm_source=pinterest&utm_medium=pin&utm_campaign=wedding-planner-canva-pins&utm_content=wedding-photography-checklist-and-shot-list-in-notion-for-brides-to-be-booking-a-photographer","2026-10-24T10:29:00","wedding photography checklist, wedding shot list, wedding photographer, notion wedding"
"Wedding decor checklist for flowers and tablescapes, in Notion for brides with a vision","https://raw.githubusercontent.com/ivannk0900/pinterest-pins/main/wedding-planner-canva-pins/wedding-decor-checklist-for-flowers-and-tablescapes-in-notion-for-brides-with-a-vision.png","Wedding planner","Turn the mood board into a plan. This wedding decor checklist books the florist, plans the wedding decor piece by piece and schedules favors and welcome bags for the day before, with boards for your bouquet and tables. Log the florist's quote and see instantly if the wedding flowers fit the budget. It's in the Notion Wedding & Honeymoon Planner. Pin this to your wedding flowers board.","https://www.templatesbygabi.com/shop/wedding-honeymoon-planner?utm_source=pinterest&utm_medium=pin&utm_campaign=wedding-planner-canva-pins&utm_content=wedding-decor-checklist-for-flowers-and-tablescapes-in-notion-for-brides-with-a-vision","2026-10-25T13:47:00","wedding decor checklist, wedding flowers, wedding decor, notion wedding"
"Save the date and invitation timeline in Notion, for 2027 brides planning stationery","https://raw.githubusercontent.com/ivannk0900/pinterest-pins/main/wedding-planner-canva-pins/save-the-date-and-invitation-timeline-in-notion-for-2027-brides-planning-stationery.png","Wedding planner","When do save the dates go out, and when do invitations follow? This stationery page answers both. It schedules the wedding website, save the dates, wedding invitations, programs and place cards, and counts every piece of wedding stationery you need to print. Perfect for 2027 weddings. It's one of 15 category pages in the Notion Wedding & Honeymoon Planner. Click for the full timeline.","https://www.templatesbygabi.com/shop/wedding-honeymoon-planner?utm_source=pinterest&utm_medium=pin&utm_campaign=wedding-planner-canva-pins&utm_content=save-the-date-and-invitation-timeline-in-notion-for-2027-brides-planning-stationery","2026-10-26T13:35:00","save the date, wedding invitations, wedding stationery, notion wedding"
"Wedding music checklist and wedding playlist in Notion, for couples booking a DJ","https://raw.githubusercontent.com/ivannk0900/pinterest-pins/main/wedding-planner-canva-pins/wedding-music-checklist-and-wedding-playlist-in-notion-for-couples-booking-a-dj.png","Wedding planner","Your first dance, your must-plays, your absolutely-nots. This wedding music page books the band or wedding dj on time, keeps a wedding playlist and do-not-play list, and reminds you to send it all a month before. Every entertainment quote, from string duo to photo booth, sits beside it. It's in the Notion Wedding & Honeymoon Planner. Save this and start your playlist today.","https://www.templatesbygabi.com/shop/wedding-honeymoon-planner?utm_source=pinterest&utm_medium=pin&utm_campaign=wedding-planner-canva-pins&utm_content=wedding-music-checklist-and-wedding-playlist-in-notion-for-couples-booking-a-dj","2026-10-27T19:40:00","wedding music, wedding playlist, wedding dj, notion wedding"
"Wedding cake tracker for bakers and tastings, a Notion template for couples booking a baker","https://raw.githubusercontent.com/ivannk0900/pinterest-pins/main/wedding-planner-canva-pins/wedding-cake-tracker-for-bakers-and-tastings-a-notion-template-for-couples-booking-a-baker.png","Wedding planner","Cake tasting is the best wedding appointment, so plan it well. This wedding cake page books the baker early, schedules the cake tasting, keeps an inspiration board of styles and flavours, and notes every bakery you're considering. Wedding desserts drop into the budget once you agree a price. It's one of 15 category pages in the Notion Wedding & Honeymoon Planner. Pin it for tasting day.","https://www.templatesbygabi.com/shop/wedding-honeymoon-planner?utm_source=pinterest&utm_medium=pin&utm_campaign=wedding-planner-canva-pins&utm_content=wedding-cake-tracker-for-bakers-and-tastings-a-notion-template-for-couples-booking-a-baker","2026-10-28T17:18:00","wedding cake, cake tasting, wedding desserts, notion wedding"
"Wedding hair and makeup checklist in Notion, for brides planning the bridal party's morning","https://raw.githubusercontent.com/ivannk0900/pinterest-pins/main/wedding-planner-canva-pins/wedding-hair-and-makeup-checklist-in-notion-for-brides-planning-the-bridal-party-s-morning.png","Wedding planner","A calm wedding morning is planned months ahead. This wedding hair and makeup page books the artist and the trial at the right time, keeps inspiration boards for both, and costs bridal beauty for you and the bridal party, nails included. It's part of the Notion Wedding & Honeymoon Planner and works on free Notion. Save this before you book your trial.","https://www.templatesbygabi.com/shop/wedding-honeymoon-planner?utm_source=pinterest&utm_medium=pin&utm_campaign=wedding-planner-canva-pins&utm_content=wedding-hair-and-makeup-checklist-in-notion-for-brides-planning-the-bridal-party-s-morning","2026-10-29T10:21:00","wedding hair and makeup, bridal beauty, bridal party, notion wedding"
"Wedding ceremony checklist with vows and order of service, in Notion for couples writing vows","https://raw.githubusercontent.com/ivannk0900/pinterest-pins/main/wedding-planner-canva-pins/wedding-ceremony-checklist-with-vows-and-order-of-service-in-notion-for-couples-writing-vows.png","Wedding planner","Writing your own vows? Give yourselves time. This wedding ceremony page books the officiant, plans readings and music, sets a date to finish your wedding vows, and keeps the order of service and paperwork on track. Officiant notes sit on the same page. It's one of 15 category pages in the Notion Wedding & Honeymoon Planner. Tap to see the ceremony checklist.","https://www.templatesbygabi.com/shop/wedding-honeymoon-planner?utm_source=pinterest&utm_medium=pin&utm_campaign=wedding-planner-canva-pins&utm_content=wedding-ceremony-checklist-with-vows-and-order-of-service-in-notion-for-couples-writing-vows","2026-10-30T18:09:00","wedding ceremony, wedding vows, order of service, notion wedding"
"Wedding rings, registry and favors checklist in Notion, for the bride and groom","https://raw.githubusercontent.com/ivannk0900/pinterest-pins/main/wedding-planner-canva-pins/wedding-rings-registry-and-favors-checklist-in-notion-for-the-bride-and-groom.png","Wedding planner","Rings, registry, favors, thank-you gifts: one checklist covers them all. Set up the wedding gift registry early, choose wedding rings and engraving in good time, order wedding favors, and remember the gifts for parents and the wedding party. The jeweler's notes live right beside the tasks. It's one of 15 category pages in the Notion Wedding & Honeymoon Planner. Click to see what's inside.","https://www.templatesbygabi.com/shop/wedding-honeymoon-planner?utm_source=pinterest&utm_medium=pin&utm_campaign=wedding-planner-canva-pins&utm_content=wedding-rings-registry-and-favors-checklist-in-notion-for-the-bride-and-groom","2026-10-31T11:57:00","wedding rings, wedding gift registry, wedding favors, notion wedding"
"Wedding transport tracker for guest shuttles, a Notion template for couples with hotel guests","https://raw.githubusercontent.com/ivannk0900/pinterest-pins/main/wedding-planner-canva-pins/wedding-transport-tracker-for-guest-shuttles-a-notion-template-for-couples-with-hotel-guests.png","Wedding planner","Guests at three hotels and one venue? Plan the shuttle. This wedding transportation page compares coach and car hire, notes pickup times from each hotel and the late ride back, and adds the guest shuttle to your budget. The guest list shows who needs a seat. It's one of 15 category pages in the Notion Wedding & Honeymoon Planner. Save this before you book wedding transport.","https://www.templatesbygabi.com/shop/wedding-honeymoon-planner?utm_source=pinterest&utm_medium=pin&utm_campaign=wedding-planner-canva-pins&utm_content=wedding-transport-tracker-for-guest-shuttles-a-notion-template-for-couples-with-hotel-guests","2026-11-01T19:28:00","wedding transportation, guest shuttle, wedding transport, notion wedding"
"Wedding hotel block tracker for guest accommodation, in Notion for couples hosting guests","https://raw.githubusercontent.com/ivannk0900/pinterest-pins/main/wedding-planner-canva-pins/wedding-hotel-block-tracker-for-guest-accommodation-in-notion-for-couples-hosting-guests.png","Wedding planner","Hosting out-of-town wedding guests? Sort rooms early. This wedding hotel block page tracks the getting-ready suite, the room block and nearby options, with contacts and shuttle notes, and the guest list shows guest accommodation for everyone. Block rooms 6 to 9 months out and relax. It's part of the Notion Wedding & Honeymoon Planner. Pin this for when the invites go out.","https://www.templatesbygabi.com/shop/wedding-honeymoon-planner?utm_source=pinterest&utm_medium=pin&utm_campaign=wedding-planner-canva-pins&utm_content=wedding-hotel-block-tracker-for-guest-accommodation-in-notion-for-couples-hosting-guests","2026-11-02T13:10:00","wedding hotel block, guest accommodation, wedding guests, notion wedding"
"Wedding rentals checklist for tables, chairs and marquee, in Notion for couples with a DIY venue","https://raw.githubusercontent.com/ivannk0900/pinterest-pins/main/wedding-planner-canva-pins/wedding-rentals-checklist-for-tables-chairs-and-marquee-in-notion-for-couples-with-a-diy-venue.png","Wedding planner","Planning a barn, garden or field wedding? You'll rent almost everything. This wedding rentals page books wedding tables and chairs, linen and the wedding marquee, tracks the quotes still pending, and reminds you to return it all afterwards. Costs flow into the budget. It's one of 15 category pages in the Notion Wedding & Honeymoon Planner. Save this for your venue walkthrough.","https://www.templatesbygabi.com/shop/wedding-honeymoon-planner?utm_source=pinterest&utm_medium=pin&utm_campaign=wedding-planner-canva-pins&utm_content=wedding-rentals-checklist-for-tables-chairs-and-marquee-in-notion-for-couples-with-a-diy-venue","2026-11-03T19:10:00","wedding rentals, wedding tables and chairs, wedding marquee, notion wedding"
"Wedding legal checklist with insurance and name change steps, in Notion for brides changing names","https://raw.githubusercontent.com/ivannk0900/pinterest-pins/main/wedding-planner-canva-pins/wedding-legal-checklist-with-insurance-and-name-change-steps-in-notion-for-brides-changing-names.png","Wedding planner","The paperwork nobody posts about, handled. This wedding legal page reminds you to take out wedding insurance early, sort the marriage paperwork in the final months, and work through a name change checklist after the big day. The insurer's cover notes sit right there. It's one of 15 category pages in the Notion Wedding & Honeymoon Planner. Save this so you don't have to remember it.","https://www.templatesbygabi.com/shop/wedding-honeymoon-planner?utm_source=pinterest&utm_medium=pin&utm_campaign=wedding-planner-canva-pins&utm_content=wedding-legal-checklist-with-insurance-and-name-change-steps-in-notion-for-brides-changing-names","2026-11-04T12:19:00","wedding insurance, name change checklist, wedding legal, notion wedding"
